image_name,category,image_url,image_path
A beach with rocks and a body of water,Photos,https://images.unsplash.com/photo-1725489891146-490f7962e499?q=80&w=387&auto=format&fit=crop&ixlib=rb-4.0.3&ixid=M3wxMjA3fDB8MHxwaG90by1wYWdlfHx8fGVufDB8fHx8fA%3D%3D,A beach with rocks and a body of water.jpg
A large room with a ceiling that has a skylight above it,Photos,https://images.unsplash.com/photo-1727087312697-13997c39c49c?q=80&w=869&auto=format&fit=crop&ixlib=rb-4.0.3&ixid=M3wxMjA3fDB8MHxwaG90by1wYWdlfHx8fGVufDB8fHx8fA%3D%3D,A large room with a ceiling that has a skylight above it.jpg
A woman walking down a street holding an umbrella,Rising Stars,https://images.unsplash.com/photo-1727695951680-bcd17243f73e?q=80&w=388&auto=format&fit=crop&ixlib=rb-4.0.3&ixid=M3wxMjA3fDB8MHxwaG90by1wYWdlfHx8fGVufDB8fHx8fA%3D%3D,A woman walking down a street holding an umbrella.jpg
a man in a space suit standing next to a pool,Photos,https://plus.unsplash.com/premium_photo-1700124504129-02393b281f06?q=80&w=464&auto=format&fit=crop&ixlib=rb-4.0.3&ixid=M3wxMjA3fDB8MHxwaG90by1wYWdlfHx8fGVufDB8fHx8fA%3D%3D,a man in a space suit standing next to a pool.jpg
A view of a mountain with a yellow tree growing on it,Photos,https://images.unsplash.com/photo-1727229779326-b5e8a808b533?q=80&w=774&auto=format&fit=crop&ixlib=rb-4.0.3&ixid=M3wxMjA3fDB8MHxwaG90by1wYWdlfHx8fGVufDB8fHx8fA%3D%3D,A view of a mountain with a yellow tree growing on it.jpg
A man riding a horse across a field under a cloudy sky,3D Renders,https://images.unsplash.com/photo-1727548096117-de9a65873d45?q=80&w=464&auto=format&fit=crop&ixlib=rb-4.0.3&ixid=M3wxMjA3fDB8MHxwaG90by1wYWdlfHx8fGVufDB8fHx8fA%3D%3D,A man riding a horse across a field under a cloudy sky.jpg
a bunch of leaves that are laying on the ground,Photos,https://plus.unsplash.com/premium_photo-1671371247278-f58c5a489125?q=80&w=870&auto=format&fit=crop&ixlib=rb-4.0.3&ixid=M3wxMjA3fDB8MHxwaG90by1wYWdlfHx8fGVufDB8fHx8fA%3D%3D,a bunch of leaves that are laying on the ground.jpg
A group of people standing on a dock next to boats,Film,https://images.unsplash.com/photo-1727016258107-a17b8fe55802?q=80&w=385&auto=format&fit=crop&ixlib=rb-4.0.3&ixid=M3wxMjA3fDB8MHxwaG90by1wYWdlfHx8fGVufDB8fHx8fA%3D%3D,A group of people standing on a dock next to boats.jpg
A man with a party hat on his head,Photos,https://images.unsplash.com/photo-1727272287872-d698f16adc24?q=80&w=436&auto=format&fit=crop&ixlib=rb-4.0.3&ixid=M3wxMjA3fDB8MHxwaG90by1wYWdlfHx8fGVufDB8fHx8fA%3D%3D,A man with a party hat on his head.jpg
A close up of a baby's hand on a blanket,Photos,https://images.unsplash.com/photo-1727473501365-da845918694c?q=80&w=387&auto=format&fit=crop&ixlib=rb-4.0.3&ixid=M3wxMjA3fDB8MHxwaG90by1wYWdlfHx8fGVufDB8fHx8fA%3D%3D,A close up of a baby's hand on a blanket.jpg
a close up of a woman's eye with glitter on it,Photos,https://images.unsplash.com/photo-1633276115947-8d35f394a309?q=80&w=387&auto=format&fit=crop&ixlib=rb-4.0.3&ixid=M3wxMjA3fDB8MHxwaG90by1wYWdlfHx8fGVufDB8fHx8fA%3D%3D,a close up of a woman's eye with glitter on it.jpg
A woman sitting on the ground with her hands clasped,Photos,https://images.unsplash.com/photo-1727324358652-e82abf20aad2?q=80&w=387&auto=format&fit=crop&ixlib=rb-4.0.3&ixid=M3wxMjA3fDB8MHxwaG90by1wYWdlfHx8fGVufDB8fHx8fA%3D%3D,A woman sitting on the ground with her hands clasped.jpg
A yellow speed hump sign in front of a church,Film,https://images.unsplash.com/photo-1727365181028-bb484d1811d6?q=80&w=868&auto=format&fit=crop&ixlib=rb-4.0.3&ixid=M3wxMjA3fDB8MHxwaG90by1wYWdlfHx8fGVufDB8fHx8fA%3D%3D,A yellow speed hump sign in front of a church.jpg
A bunch of orange sticky notes on a window,Rising Stars,https://images.unsplash.com/photo-1721292181759-60482c13fe98?q=80&w=865&auto=format&fit=crop&ixlib=rb-4.0.3&ixid=M3wxMjA3fDB8MHxwaG90by1wYWdlfHx8fGVufDB8fHx8fA%3D%3D,A bunch of orange sticky notes on a window.jpg
A woman standing on a beach next to the ocean,Photos,https://images.unsplash.com/photo-1727129521595-872a1cbada82?q=80&w=387&auto=format&fit=crop&ixlib=rb-4.0.3&ixid=M3wxMjA3fDB8MHxwaG90by1wYWdlfHx8fGVufDB8fHx8fA%3D%3D,A woman standing on a beach next to the ocean.jpg
A woman is walking through a flock of pigeons,Photos,https://images.unsplash.com/photo-1727324735243-de8c0997c169?q=80&w=870&auto=format&fit=crop&ixlib=rb-4.0.3&ixid=M3wxMjA3fDB8MHxwaG90by1wYWdlfHx8fGVufDB8fHx8fA%3D%3D,A woman is walking through a flock of pigeons.jpg
a black and white photo of a film set,3D Renders,https://plus.unsplash.com/premium_photo-1710961232986-36cead00da3c?q=80&w=484&auto=format&fit=crop&ixlib=rb-4.0.3&ixid=M3wxMjA3fDB8MHxwaG90by1wYWdlfHx8fGVufDB8fHx8fA%3D%3D,a black and white photo of a film set.jpg
A green camera sitting on top of a shelf,Film,https://images.unsplash.com/photo-1727576826012-71f6fe122b7a?q=80&w=875&auto=format&fit=crop&ixlib=rb-4.0.3&ixid=M3wxMjA3fDB8MHxwaG90by1wYWdlfHx8fGVufDB8fHx8fA%3D%3D,A green camera sitting on top of a shelf.jpg
A hand reaching up into the air with an orange background,Rising Stars,https://plus.unsplash.com/premium_photo-1725342389858-97fc6b99f12f?q=80&w=464&auto=format&fit=crop&ixlib=rb-4.0.3&ixid=M3wxMjA3fDB8MHxwaG90by1wYWdlfHx8fGVufDB8fHx8fA%3D%3D,A hand reaching up into the air with an orange background.jpg
A person pours a cup of tea into a glass,Photos,https://images.unsplash.com/photo-1726497864805-3d73aff84295?q=80&w=387&auto=format&fit=crop&ixlib=rb-4.0.3&ixid=M3wxMjA3fDB8MHxwaG90by1wYWdlfHx8fGVufDB8fHx8fA%3D%3D,A person pours a cup of tea into a glass.jpg
A bowl of mussels on a plate on a table,Photos,https://images.unsplash.com/photo-1727205604222-6979828b5f8f?q=80&w=387&auto=format&fit=crop&ixlib=rb-4.0.3&ixid=M3wxMjA3fDB8MHxwaG90by1wYWdlfHx8fGVufDB8fHx8fA%3D%3D,A bowl of mussels on a plate on a table.jpg
surfer surfing on tidal wave,Photos,https://images.unsplash.com/photo-1474693220100-7cddec4346f6?q=80&w=871&auto=format&fit=crop&ixlib=rb-4.0.3&ixid=M3wxMjA3fDB8MHxwaG90by1wYWdlfHx8fGVufDB8fHx8fA%3D%3D,surfer surfing on tidal wave.jpg
a wooden table topped with two croissants and a cup of coffee,Photos,https://plus.unsplash.com/premium_photo-1692912808093-92fa140d4dc7?q=80&w=387&auto=format&fit=crop&ixlib=rb-4.0.3&ixid=M3wxMjA3fDB8MHxwaG90by1wYWdlfHx8fGVufDB8fHx8fA%3D%3D,a wooden table topped with two croissants and a cup of coffee.jpg
A group of hands reaching up towards a white mask,3D Renders,https://images.unsplash.com/photo-1724765623752-4fcac46c3461?q=80&w=935&auto=format&fit=crop&ixlib=rb-4.0.3&ixid=M3wxMjA3fDB8MHxwaG90by1wYWdlfHx8fGVufDB8fHx8fA%3D%3D,A group of hands reaching up towards a white mask.jpg
A white plate topped with two pieces of bread,Food & Drink,https://images.unsplash.com/photo-1727178392412-81b03ab8fe80?q=80&w=387&auto=format&fit=crop&ixlib=rb-4.0.3&ixid=M3wxMjA3fDB8MHxwaG90by1wYWdlfHx8fGVufDB8fHx8fA%3D%3D,A white plate topped with two pieces of bread.jpg
a group of different colored drinks sitting next to each other,Photos,https://plus.unsplash.com/premium_photo-1684952849219-5a0d76012ed2?q=80&w=1032&auto=format&fit=crop&ixlib=rb-4.0.3&ixid=M3wxMjA3fDB8MHxwaG90by1wYWdlfHx8fGVufDB8fHx8fA%3D%3D,a group of different colored drinks sitting next to each other.jpg
A person holding a bottle of chai in front of pumpkins,Food & Drink,https://images.unsplash.com/photo-1727421522990-214df8258a8f?q=80&w=387&auto=format&fit=crop&ixlib=rb-4.0.3&ixid=M3wxMjA3fDB8MHxwaG90by1wYWdlfHx8fGVufDB8fHx8fA%3D%3D,A person holding a bottle of chai in front of pumpkins.jpg
a table topped with three tacos covered in toppings,Photos,https://plus.unsplash.com/premium_photo-1681406994530-3de7406c21a5?q=80&w=387&auto=format&fit=crop&ixlib=rb-4.0.3&ixid=M3wxMjA3fDB8MHxwaG90by1wYWdlfHx8fGVufDB8fHx8fA%3D%3D,a table topped with three tacos covered in toppings.jpg
a pile of coffee beans is shown in this image,Photos,https://plus.unsplash.com/premium_photo-1675237625845-ed58c887f3cf?q=80&w=387&auto=format&fit=crop&ixlib=rb-4.0.3&ixid=M3wxMjA3fDB8MHxwaG90by1wYWdlfHx8fGVufDB8fHx8fA%3D%3D,a pile of coffee beans is shown in this image.jpg
a table with a plate of food and a bottle of water,Photos,https://images.unsplash.com/photo-1632138006245-b8d3e09d31b5?q=80&w=387&auto=format&fit=crop&ixlib=rb-4.0.3&ixid=M3wxMjA3fDB8MHxwaG90by1wYWdlfHx8fGVufDB8fHx8fA%3D%3D,a table with a plate of food and a bottle of water.jpg
A glass filled with a drink sitting on top of a wooden table,Photos,https://images.unsplash.com/photo-1727619949691-f12d6ea1a8ed?q=80&w=387&auto=format&fit=crop&ixlib=rb-4.0.3&ixid=M3wxMjA3fDB8MHxwaG90by1wYWdlfHx8fGVufDB8fHx8fA%3D%3D,A glass filled with a drink sitting on top of a wooden table.jpg
white ceramic mug with saucer and stainless steel fork on white ceramic plate,Photos,https://images.unsplash.com/photo-1614680108604-c23b65f7e7dc?q=80&w=387&auto=format&fit=crop&ixlib=rb-4.0.3&ixid=M3wxMjA3fDB8MHxwaG90by1wYWdlfHx8fGVufDB8fHx8fA%3D%3D,white ceramic mug with saucer and stainless steel fork on white ceramic plate.jpg
A white plate topped with two meat patties next to a cup of coffee,Food & Drink,https://images.unsplash.com/photo-1727178392526-297cc3577778?q=80&w=870&auto=format&fit=crop&ixlib=rb-4.0.3&ixid=M3wxMjA3fDB8MHxwaG90by1wYWdlfHx8fGVufDB8fHx8fA%3D%3D,A white plate topped with two meat patties next to a cup of coffee.jpg
A variety of beans and nuts in baskets,Food & Drink,https://images.unsplash.com/photo-1727640567359-9088aa78537e?q=80&w=387&auto=format&fit=crop&ixlib=rb-4.0.3&ixid=M3wxMjA3fDB8MHxwaG90by1wYWdlfHx8fGVufDB8fHx8fA%3D%3D,A variety of beans and nuts in baskets.jpg
white cake with red and black berries on top,Photos,https://images.unsplash.com/photo-1594046242778-99efad4832a9?q=80&w=387&auto=format&fit=crop&ixlib=rb-4.0.3&ixid=M3wxMjA3fDB8MHxwaG90by1wYWdlfHx8fGVufDB8fHx8fA%3D%3D,white cake with red and black berries on top.jpg
white popcorn on white ceramic bowl,Photos,https://images.unsplash.com/photo-1622737300942-a16d76163543?q=80&w=387&auto=format&fit=crop&ixlib=rb-4.0.3&ixid=M3wxMjA3fDB8MHxwaG90by1wYWdlfHx8fGVufDB8fHx8fA%3D%3D,white popcorn on white ceramic bowl.jpg
A woman in a white dress with neon lights on her body,Experimental,https://images.unsplash.com/photo-1727387563530-00ae3b835ba6?q=80&w=755&auto=format&fit=crop&ixlib=rb-4.0.3&ixid=M3wxMjA3fDB8MHxwaG90by1wYWdlfHx8fGVufDB8fHx8fA%3D%3D,A woman in a white dress with neon lights on her body.jpg
A close up of a green plant with leaves,Food & Drink,https://images.unsplash.com/photo-1726994803802-d7bc326f4d0f?q=80&w=387&auto=format&fit=crop&ixlib=rb-4.0.3&ixid=M3wxMjA3fDB8MHxwaG90by1wYWdlfHx8fGVufDB8fHx8fA%3D%3D,A close up of a green plant with leaves.jpg
,Food & Drink,https://images.unsplash.com/photo-1632434554233-cefd805feb39?q=80&w=387&auto=format&fit=crop&ixlib=rb-4.0.3&ixid=M3wxMjA3fDB8MHxwaG90by1wYWdlfHx8fGVufDB8fHx8fA%3D%3D,None.jpg
A man and woman dressed in white posing for a photo,Photos,https://images.unsplash.com/photo-1727279523814-834b2cce6864?q=80&w=387&auto=format&fit=crop&ixlib=rb-4.0.3&ixid=M3wxMjA3fDB8MHxwaG90by1wYWdlfHx8fGVufDB8fHx8fA%3D%3D,A man and woman dressed in white posing for a photo.jpg
A group of people walking around a building,Photos,https://images.unsplash.com/photo-1727044757315-e6764afee48e?q=80&w=387&auto=format&fit=crop&ixlib=rb-4.0.3&ixid=M3wxMjA3fDB8MHxwaG90by1wYWdlfHx8fGVufDB8fHx8fA%3D%3D,A group of people walking around a building.jpg
A blurry image of a flower on a purple background,Photos,https://images.unsplash.com/photo-1727452165826-920ea81d89e8?q=80&w=870&auto=format&fit=crop&ixlib=rb-4.0.3&ixid=M3wxMjA3fDB8MHxwaG90by1wYWdlfHx8fGVufDB8fHx8fA%3D%3D,A blurry image of a flower on a purple background.jpg
a table topped with plates of food and drinks,Food & Drink,https://plus.unsplash.com/premium_photo-1663852297508-56e6ac75be2c?q=80&w=870&auto=format&fit=crop&ixlib=rb-4.0.3&ixid=M3wxMjA3fDB8MHxwaG90by1wYWdlfHx8fGVufDB8fHx8fA%3D%3D,a table topped with plates of food and drinks.jpg
A woman with her hands on her face,Experimental,https://images.unsplash.com/photo-1727341553976-8456538f2009?q=80&w=580&auto=format&fit=crop&ixlib=rb-4.0.3&ixid=M3wxMjA3fDB8MHxwaG90by1wYWdlfHx8fGVufDB8fHx8fA%3D%3D,A woman with her hands on her face.jpg
A blurry picture of purple flowers in a vase,Experimental,https://images.unsplash.com/photo-1727337538460-c83a4663238e?q=80&w=387&auto=format&fit=crop&ixlib=rb-4.0.3&ixid=M3wxMjA3fDB8MHxwaG90by1wYWdlfHx8fGVufDB8fHx8fA%3D%3D,A blurry picture of purple flowers in a vase.jpg
a close up of a person holding a box of food,Photos,https://images.unsplash.com/photo-1633836468069-82036fc775a6?q=80&w=387&auto=format&fit=crop&ixlib=rb-4.0.3&ixid=M3wxMjA3fDB8MHxwaG90by1wYWdlfHx8fGVufDB8fHx8fA%3D%3D,a close up of a person holding a box of food.jpg
An aerial view of a person walking down a street,Photos,https://images.unsplash.com/photo-1727243437725-2277e87d600b?q=80&w=387&auto=format&fit=crop&ixlib=rb-4.0.3&ixid=M3wxMjA3fDB8MHxwaG90by1wYWdlfHx8fGVufDB8fHx8fA%3D%3D,An aerial view of a person walking down a street.jpg
a blurry photo of a man walking on the beach,Photos,https://images.unsplash.com/photo-1712506758804-82940a2736d0?q=80&w=385&auto=format&fit=crop&ixlib=rb-4.0.3&ixid=M3wxMjA3fDB8MHxwaG90by1wYWdlfHx8fGVufDB8fHx8fA%3D%3D,a blurry photo of a man walking on the beach.jpg
woman in white long sleeve shirt,Photos,https://images.unsplash.com/photo-1586201211804-d42188aba233?q=80&w=388&auto=format&fit=crop&ixlib=rb-4.0.3&ixid=M3wxMjA3fDB8MHxwaG90by1wYWdlfHx8fGVufDB8fHx8fA%3D%3D,woman in white long sleeve shirt.jpg
A blurry photo of a person's face and hands,Experimental,https://images.unsplash.com/photo-1727387562180-5776f140f2f8?q=80&w=870&auto=format&fit=crop&ixlib=rb-4.0.3&ixid=M3wxMjA3fDB8MHxwaG90by1wYWdlfHx8fGVufDB8fHx8fA%3D%3D,A blurry photo of a person's face and hands.jpg
a cloud floating in the sky over a body of water,Photos,https://plus.unsplash.com/premium_photo-1676166011970-bdea4f34674e?q=80&w=449&auto=format&fit=crop&ixlib=rb-4.0.3&ixid=M3wxMjA3fDB8MHxwaG90by1wYWdlfHx8fGVufDB8fHx8fA%3D%3D,a cloud floating in the sky over a body of water.jpg
A man riding a bike down a street next to tall buildings,Experimental,https://images.unsplash.com/photo-1723456402847-ffd0a6b07240?q=80&w=435&auto=format&fit=crop&ixlib=rb-4.0.3&ixid=M3wxMjA3fDB8MHxwaG90by1wYWdlfHx8fGVufDB8fHx8fA%3D%3D,A man riding a bike down a street next to tall buildings.jpg
A woman walking down a runway in a white dress,Experimental,https://images.unsplash.com/photo-1727279523741-0b483e90e842?q=80&w=387&auto=format&fit=crop&ixlib=rb-4.0.3&ixid=M3wxMjA3fDB8MHxwaG90by1wYWdlfHx8fGVufDB8fHx8fA%3D%3D,A woman walking down a runway in a white dress.jpg
A close up of a red and black firework,Experimental,https://images.unsplash.com/photo-1727387562683-62481f5bc0b0?q=80&w=870&auto=format&fit=crop&ixlib=rb-4.0.3&ixid=M3wxMjA3fDB8MHxwaG90by1wYWdlfHx8fGVufDB8fHx8fA%3D%3D,A close up of a red and black firework.jpg
A blurry photo of a green object,Experimental,https://images.unsplash.com/photo-1727452166166-ceec791e779c?q=80&w=870&auto=format&fit=crop&ixlib=rb-4.0.3&ixid=M3wxMjA3fDB8MHxwaG90by1wYWdlfHx8fGVufDB8fHx8fA%3D%3D,A blurry photo of a green object.jpg
"Other common name: timber wolf. Grey wolves are pack animals, with parents and cubs forming the basic pack. During the winter months larger packs are formed. Wolves are found in Northern Europe, Asia, and North America.",Animals,https://plus.unsplash.com/premium_photo-1664303205985-64a9030aa7d6?q=80&w=385&auto=format&fit=crop&ixlib=rb-4.0.3&ixid=M3wxMjA3fDB8MHxwaG90by1wYWdlfHx8fGVufDB8fHx8fA%3D%3D,
a dog sitting on a red couch in front of halloween decorations,Animals,https://plus.unsplash.com/premium_photo-1695531853813-b586d6ad8632?q=80&w=387&auto=format&fit=crop&ixlib=rb-4.0.3&ixid=M3wxMjA3fDB8MHxwaG90by1wYWdlfHx8fGVufDB8fHx8fA%3D%3D,a dog sitting on a red couch in front of halloween decorations.jpg
A lone tree on a hill with a blue sky in the background,Experimental,https://images.unsplash.com/photo-1727254405722-c245ac1eb69c?q=80&w=387&auto=format&fit=crop&ixlib=rb-4.0.3&ixid=M3wxMjA3fDB8MHxwaG90by1wYWdlfHx8fGVufDB8fHx8fA%3D%3D,A lone tree on a hill with a blue sky in the background.jpg
A close up of a colorful bird with feathers,Photos,https://images.unsplash.com/photo-1727422550392-c936f042aa42?q=80&w=870&auto=format&fit=crop&ixlib=rb-4.0.3&ixid=M3wxMjA3fDB8MHxwaG90by1wYWdlfHx8fGVufDB8fHx8fA%3D%3D,A close up of a colorful bird with feathers.jpg
A bird flying over a body of water under a cloudy sky,Photos,https://images.unsplash.com/photo-1725161834059-9741b5400d0f?q=80&w=387&auto=format&fit=crop&ixlib=rb-4.0.3&ixid=M3wxMjA3fDB8MHxwaG90by1wYWdlfHx8fGVufDB8fHx8fA%3D%3D,A bird flying over a body of water under a cloudy sky.jpg
a crab on a beach in the middle of the day,Animals,https://images.unsplash.com/photo-1688236043405-f0382db8ad3e?q=80&w=991&auto=format&fit=crop&ixlib=rb-4.0.3&ixid=M3wxMjA3fDB8MHxwaG90by1wYWdlfHx8fGVufDB8fHx8fA%3D%3D,a crab on a beach in the middle of the day.jpg
A person holding a cup of coffee in their hand,Photos,https://images.unsplash.com/photo-1727359223263-88339869c33c?q=80&w=387&auto=format&fit=crop&ixlib=rb-4.0.3&ixid=M3wxMjA3fDB8MHxwaG90by1wYWdlfHx8fGVufDB8fHx8fA%3D%3D,A person holding a cup of coffee in their hand.jpg
A couple of flamingos standing in a body of water,Animals,https://images.unsplash.com/photo-1727261482244-f7c438e4711c?q=80&w=387&auto=format&fit=crop&ixlib=rb-4.0.3&ixid=M3wxMjA3fDB8MHxwaG90by1wYWdlfHx8fGVufDB8fHx8fA%3D%3D,A couple of flamingos standing in a body of water.jpg
A close up of a green and orange object,Experimental,https://images.unsplash.com/photo-1727525892435-a30151200613?q=80&w=1032&auto=format&fit=crop&ixlib=rb-4.0.3&ixid=M3wxMjA3fDB8MHxwaG90by1wYWdlfHx8fGVufDB8fHx8fA%3D%3D,A close up of a green and orange object.jpg
A small black and white bird sitting on a branch,Photos,https://images.unsplash.com/photo-1727463507451-366dd3c3b7f9?q=80&w=464&auto=format&fit=crop&ixlib=rb-4.0.3&ixid=M3wxMjA3fDB8MHxwaG90by1wYWdlfHx8fGVufDB8fHx8fA%3D%3D,A small black and white bird sitting on a branch.jpg
A blurry photo of a person holding a colorful umbrella,Photos,https://images.unsplash.com/photo-1727501607287-e751b43f6f99?q=80&w=870&auto=format&fit=crop&ixlib=rb-4.0.3&ixid=M3wxMjA3fDB8MHxwaG90by1wYWdlfHx8fGVufDB8fHx8fA%3D%3D,A blurry photo of a person holding a colorful umbrella.jpg
A snake and a snake on a branch with leaves,Illustrations,https://plus.unsplash.com/premium_vector-1720513865573-ec8c56006c30?q=80&w=725&auto=format&fit=crop&ixlib=rb-4.0.3&ixid=M3wxMjA3fDB8MHxwaG90by1wYWdlfHx8fGVufDB8fHx8fA%3D%3D,A snake and a snake on a branch with leaves.jpg
A small lizard sitting on top of a green plant,Animals,https://images.unsplash.com/photo-1727595483151-bbdbeefa54fc?q=80&w=387&auto=format&fit=crop&ixlib=rb-4.0.3&ixid=M3wxMjA3fDB8MHxwaG90by1wYWdlfHx8fGVufDB8fHx8fA%3D%3D,A small lizard sitting on top of a green plant.jpg
A green chamelon sitting on top of a cactus,Animals,https://images.unsplash.com/photo-1726910170818-95adec2e8e84?q=80&w=387&auto=format&fit=crop&ixlib=rb-4.0.3&ixid=M3wxMjA3fDB8MHxwaG90by1wYWdlfHx8fGVufDB8fHx8fA%3D%3D,A green chamelon sitting on top of a cactus.jpg
A large bird sitting on top of a wooden chair,Animals,https://images.unsplash.com/photo-1727409162496-973f722b022c?q=80&w=387&auto=format&fit=crop&ixlib=rb-4.0.3&ixid=M3wxMjA3fDB8MHxwaG90by1wYWdlfHx8fGVufDB8fHx8fA%3D%3D,A large bird sitting on top of a wooden chair.jpg
A bird sitting on a branch in a field,Animals,https://images.unsplash.com/photo-1727461935702-0cf3f2c000b3?q=80&w=387&auto=format&fit=crop&ixlib=rb-4.0.3&ixid=M3wxMjA3fDB8MHxwaG90by1wYWdlfHx8fGVufDB8fHx8fA%3D%3D,A bird sitting on a branch in a field.jpg
A dog sitting on top of a wooden box in the snow,Animals,https://images.unsplash.com/photo-1727468801000-4767f64c808f?q=80&w=387&auto=format&fit=crop&ixlib=rb-4.0.3&ixid=M3wxMjA3fDB8MHxwaG90by1wYWdlfHx8fGVufDB8fHx8fA%3D%3D,A dog sitting on top of a wooden box in the snow.jpg
A corner of a bathroom with a mirror above it,Photos,https://images.unsplash.com/photo-1726533240264-b748b393ebbd?q=80&w=388&auto=format&fit=crop&ixlib=rb-4.0.3&ixid=M3wxMjA3fDB8MHxwaG90by1wYWdlfHx8fGVufDB8fHx8fA%3D%3D,A corner of a bathroom with a mirror above it.jpg
A close up of a turtle with a green light in the background,Animals,https://images.unsplash.com/photo-1726795203378-ce87cd77d5e2?q=80&w=982&auto=format&fit=crop&ixlib=rb-4.0.3&ixid=M3wxMjA3fDB8MHxwaG90by1wYWdlfHx8fGVufDB8fHx8fA%3D%3D,A close up of a turtle with a green light in the background.jpg
A green frog sitting on top of a red flower,Animals,https://plus.unsplash.com/premium_photo-1723544523567-96a8568f3c28?q=80&w=823&auto=format&fit=crop&ixlib=rb-4.0.3&ixid=M3wxMjA3fDB8MHxwaG90by1wYWdlfHx8fGVufDB8fHx8fA%3D%3D,A green frog sitting on top of a red flower.jpg
A group of dogs tied to a chain in the snow,Animals,https://images.unsplash.com/photo-1727468802215-caf21afc817d?q=80&w=387&auto=format&fit=crop&ixlib=rb-4.0.3&ixid=M3wxMjA3fDB8MHxwaG90by1wYWdlfHx8fGVufDB8fHx8fA%3D%3D,A group of dogs tied to a chain in the snow.jpg
A frog sitting on top of a green grass covered field,Animals,https://images.unsplash.com/photo-1727587952139-ac1da96350a0?q=80&w=387&auto=format&fit=crop&ixlib=rb-4.0.3&ixid=M3wxMjA3fDB8MHxwaG90by1wYWdlfHx8fGVufDB8fHx8fA%3D%3D,A frog sitting on top of a green grass covered field.jpg
An empty room with a light shining on the floor,Architecture & Interiors,https://images.unsplash.com/photo-1727469535988-830d78d2a00d?q=80&w=436&auto=format&fit=crop&ixlib=rb-4.0.3&ixid=M3wxMjA3fDB8MHxwaG90by1wYWdlfHx8fGVufDB8fHx8fA%3D%3D,An empty room with a light shining on the floor.jpg
A close up of a green turtle with a blue background,Animals,https://plus.unsplash.com/premium_photo-1724480167217-9737261a5aac?q=80&w=870&auto=format&fit=crop&ixlib=rb-4.0.3&ixid=M3wxMjA3fDB8MHxwaG90by1wYWdlfHx8fGVufDB8fHx8fA%3D%3D,A close up of a green turtle with a blue background.jpg
a close up of a green snake on a branch,Animals,https://plus.unsplash.com/premium_photo-1674266467222-ec27f7b815d5?q=80&w=387&auto=format&fit=crop&ixlib=rb-4.0.3&ixid=M3wxMjA3fDB8MHxwaG90by1wYWdlfHx8fGVufDB8fHx8fA%3D%3D,a close up of a green snake on a branch.jpg
A whale tail flups out of the water,Animals,https://plus.unsplash.com/premium_photo-1724310700507-2031a83c9dc3?q=80&w=1032&auto=format&fit=crop&ixlib=rb-4.0.3&ixid=M3wxMjA3fDB8MHxwaG90by1wYWdlfHx8fGVufDB8fHx8fA%3D%3D,A whale tail flups out of the water.jpg
A building with a red door and a bicycle parked in front of it,Architecture & Interiors,https://images.unsplash.com/photo-1727003262996-fa7e9f5571c6?q=80&w=388&auto=format&fit=crop&ixlib=rb-4.0.3&ixid=M3wxMjA3fDB8MHxwaG90by1wYWdlfHx8fGVufDB8fHx8fA%3D%3D,A building with a red door and a bicycle parked in front of it.jpg
A tall orange building with a sky background,Photos,https://images.unsplash.com/photo-1727532308661-111c80476815?q=80&w=376&auto=format&fit=crop&ixlib=rb-4.0.3&ixid=M3wxMjA3fDB8MHxwaG90by1wYWdlfHx8fGVufDB8fHx8fA%3D%3D,A tall orange building with a sky background.jpg
a very tall building with lots of windows,Architecture & Interiors,https://images.unsplash.com/photo-1706396287231-95ad11b7508e?q=80&w=327&auto=format&fit=crop&ixlib=rb-4.0.3&ixid=M3wxMjA3fDB8MHxwaG90by1wYWdlfHx8fGVufDB8fHx8fA%3D%3D,a very tall building with lots of windows.jpg
A living room filled with furniture and a fire place,Photos,https://plus.unsplash.com/premium_photo-1723200799223-0095f042decb?q=80&w=871&auto=format&fit=crop&ixlib=rb-4.0.3&ixid=M3wxMjA3fDB8MHxwaG90by1wYWdlfHx8fGVufDB8fHx8fA%3D%3D,A living room filled with furniture and a fire place.jpg
a large cathedral with arched windows and arches,Architecture & Interiors,https://images.unsplash.com/photo-1641900250042-c889c3c7a3e3?q=80&w=387&auto=format&fit=crop&ixlib=rb-4.0.3&ixid=M3wxMjA3fDB8MHxwaG90by1wYWdlfHx8fGVufDB8fHx8fA%3D%3D,a large cathedral with arched windows and arches.jpg
a living room filled with furniture and a large window,Architecture & Interiors,https://images.unsplash.com/photo-1634220579606-33cdaa2297b2?q=80&w=374&auto=format&fit=crop&ixlib=rb-4.0.3&ixid=M3wxMjA3fDB8MHxwaG90by1wYWdlfHx8fGVufDB8fHx8fA%3D%3D,a living room filled with furniture and a large window.jpg
A tall tower with a cross on top of it,Architecture & Interiors,https://images.unsplash.com/photo-1722545358551-f482fd399132?q=80&w=387&auto=format&fit=crop&ixlib=rb-4.0.3&ixid=M3wxMjA3fDB8MHxwaG90by1wYWdlfHx8fGVufDB8fHx8fA%3D%3D,A tall tower with a cross on top of it.jpg
A brick building with a pergolated roof,Architecture & Interiors,https://images.unsplash.com/photo-1727586268084-e78ed0e68599?q=80&w=761&auto=format&fit=crop&ixlib=rb-4.0.3&ixid=M3wxMjA3fDB8MHxwaG90by1wYWdlfHx8fGVufDB8fHx8fA%3D%3D,A brick building with a pergolated roof.jpg
A group of tall buildings next to each other,Architecture & Interiors,https://images.unsplash.com/photo-1727625451221-c51dd03140d5?q=80&w=870&auto=format&fit=crop&ixlib=rb-4.0.3&ixid=M3wxMjA3fDB8MHxwaG90by1wYWdlfHx8fGVufDB8fHx8fA%3D%3D,A group of tall buildings next to each other.jpg
A restaurant with a view of the mountains,Architecture & Interiors,https://images.unsplash.com/photo-1727081979210-ff973479b458?q=80&w=870&auto=format&fit=crop&ixlib=rb-4.0.3&ixid=M3wxMjA3fDB8MHxwaG90by1wYWdlfHx8fGVufDB8fHx8fA%3D%3D,A restaurant with a view of the mountains.jpg
A black and white photo of a church steeple,Architecture & Interiors,https://images.unsplash.com/photo-1725997459896-f0dd827f4a98?q=80&w=387&auto=format&fit=crop&ixlib=rb-4.0.3&ixid=M3wxMjA3fDB8MHxwaG90by1wYWdlfHx8fGVufDB8fHx8fA%3D%3D,A black and white photo of a church steeple.jpg
A tall yellow building sitting in the middle of a forest,Architecture & Interiors,https://images.unsplash.com/photo-1720573165904-f154756fa34e?q=80&w=870&auto=format&fit=crop&ixlib=rb-4.0.3&ixid=M3wxMjA3fDB8MHxwaG90by1wYWdlfHx8fGVufDB8fHx8fA%3D%3D,A tall yellow building sitting in the middle of a forest.jpg
A gazebo with a view of a lake and mountains,Architecture & Interiors,https://images.unsplash.com/photo-1727694739145-ae58a7f1c4ca?q=80&w=869&auto=format&fit=crop&ixlib=rb-4.0.3&ixid=M3wxMjA3fDB8MHxwaG90by1wYWdlfHx8fGVufDB8fHx8fA%3D%3D,A gazebo with a view of a lake and mountains.jpg
A very tall building with many windows and balconies,Architecture & Interiors,https://images.unsplash.com/photo-1726389886988-d756afcd5e8b?q=80&w=327&auto=format&fit=crop&ixlib=rb-4.0.3&ixid=M3wxMjA3fDB8MHxwaG90by1wYWdlfHx8fGVufDB8fHx8fA%3D%3D,A very tall building with many windows and balconies.jpg
A bird is sitting on a tree branch,Animals,https://images.unsplash.com/photo-1727648780164-37131927c2d3?q=80&w=870&auto=format&fit=crop&ixlib=rb-4.0.3&ixid=M3wxMjA3fDB8MHxwaG90by1wYWdlfHx8fGVufDB8fHx8fA%3D%3D,A bird is sitting on a tree branch.jpg
A row of houses with a clock tower in the background,Architecture & Interiors,https://images.unsplash.com/photo-1725997503304-399e8a5f2c40?q=80&w=387&auto=format&fit=crop&ixlib=rb-4.0.3&ixid=M3wxMjA3fDB8MHxwaG90by1wYWdlfHx8fGVufDB8fHx8fA%3D%3D,A row of houses with a clock tower in the background.jpg
A woman standing on a beach next to the ocean,People,https://images.unsplash.com/photo-1727626283219-cecc0ee92af3?q=80&w=870&auto=format&fit=crop&ixlib=rb-4.0.3&ixid=M3wxMjA3fDB8MHxwaG90by1wYWdlfHx8fGVufDB8fHx8fA%3D%3D,A woman standing on a beach next to the ocean.jpg
A bath room with a tub a window and a rug,Architecture & Interiors,https://images.unsplash.com/photo-1727678475285-0103268abe34?q=80&w=388&auto=format&fit=crop&ixlib=rb-4.0.3&ixid=M3wxMjA3fDB8MHxwaG90by1wYWdlfHx8fGVufDB8fHx8fA%3D%3D,A bath room with a tub a window and a rug.jpg
a pregnant woman holding a teddy bear in a crib,Photos,https://plus.unsplash.com/premium_photo-1664453892209-05d289158feb?q=80&w=386&auto=format&fit=crop&ixlib=rb-4.0.3&ixid=M3wxMjA3fDB8MHxwaG90by1wYWdlfHx8fGVufDB8fHx8fA%3D%3D,a pregnant woman holding a teddy bear in a crib.jpg
A bride and groom standing on a cliff overlooking a river,People,https://images.unsplash.com/photo-1727287050940-ace1271eae90?q=80&w=869&auto=format&fit=crop&ixlib=rb-4.0.3&ixid=M3wxMjA3fDB8MHxwaG90by1wYWdlfHx8fGVufDB8fHx8fA%3D%3D,A bride and groom standing on a cliff overlooking a river.jpg
A narrow alley way with potted plants on either side,Architecture & Interiors,https://images.unsplash.com/photo-1720754093410-434add6786b1?q=80&w=870&auto=format&fit=crop&ixlib=rb-4.0.3&ixid=M3wxMjA3fDB8MHxwaG90by1wYWdlfHx8fGVufDB8fHx8fA%3D%3D,A narrow alley way with potted plants on either side.jpg
A woman holding a toothbrush in her right hand,Photos,https://plus.unsplash.com/premium_photo-1727437241854-c28c1a17e14b?q=80&w=387&auto=format&fit=crop&ixlib=rb-4.0.3&ixid=M3wxMjA3fDB8MHxwaG90by1wYWdlfHx8fGVufDB8fHx8fA%3D%3D,A woman holding a toothbrush in her right hand.jpg
a man holding a baby in his arms,People,https://images.unsplash.com/photo-1712647009633-be703eca3f56?q=80&w=580&auto=format&fit=crop&ixlib=rb-4.0.3&ixid=M3wxMjA3fDB8MHxwaG90by1wYWdlfHx8fGVufDB8fHx8fA%3D%3D,a man holding a baby in his arms.jpg
A group of people sitting on top of a sandy beach,People,https://images.unsplash.com/photo-1727640851526-9dd11cc6bd07?q=80&w=387&auto=format&fit=crop&ixlib=rb-4.0.3&ixid=M3wxMjA3fDB8MHxwaG90by1wYWdlfHx8fGVufDB8fHx8fA%3D%3D,A group of people sitting on top of a sandy beach.jpg
A bridge over a body of water with a bunch of people,Architecture & Interiors,https://images.unsplash.com/photo-1727461184301-d3b81f3a035d?q=80&w=387&auto=format&fit=crop&ixlib=rb-4.0.3&ixid=M3wxMjA3fDB8MHxwaG90by1wYWdlfHx8fGVufDB8fHx8fA%3D%3D,A bridge over a body of water with a bunch of people.jpg
A woman is standing on the steps of a building,Photos,https://images.unsplash.com/photo-1725609959342-c247e04978e5?q=80&w=387&auto=format&fit=crop&ixlib=rb-4.0.3&ixid=M3wxMjA3fDB8MHxwaG90by1wYWdlfHx8fGVufDB8fHx8fA%3D%3D,A woman is standing on the steps of a building.jpg
A person holding a baby's foot in their hands,People,https://images.unsplash.com/photo-1727508299193-1c9f2d71f83b?q=80&w=413&auto=format&fit=crop&ixlib=rb-4.0.3&ixid=M3wxMjA3fDB8MHxwaG90by1wYWdlfHx8fGVufDB8fHx8fA%3D%3D,A person holding a baby's foot in their hands.jpg
a woman with red hair,Photos,https://images.unsplash.com/photo-1652394871044-dec10bff6158?q=80&w=870&auto=format&fit=crop&ixlib=rb-4.0.3&ixid=M3wxMjA3fDB8MHxwaG90by1wYWdlfHx8fGVufDB8fHx8fA%3D%3D,a woman with red hair.jpg
A man sitting at a table with a birthday cake,Photos,https://images.unsplash.com/photo-1727272446374-057fb103e144?q=80&w=464&auto=format&fit=crop&ixlib=rb-4.0.3&ixid=M3wxMjA3fDB8MHxwaG90by1wYWdlfHx8fGVufDB8fHx8fA%3D%3D,A man sitting at a table with a birthday cake.jpg
A close up of a person's hands on the beach,Photos,https://images.unsplash.com/photo-1727358165710-df7642376f66?q=80&w=387&auto=format&fit=crop&ixlib=rb-4.0.3&ixid=M3wxMjA3fDB8MHxwaG90by1wYWdlfHx8fGVufDB8fHx8fA%3D%3D,A close up of a person's hands on the beach.jpg
A man holding a baby in his arms,Photos,https://images.unsplash.com/photo-1727476890815-84f3106f061b?q=80&w=387&auto=format&fit=crop&ixlib=rb-4.0.3&ixid=M3wxMjA3fDB8MHxwaG90by1wYWdlfHx8fGVufDB8fHx8fA%3D%3D,A man holding a baby in his arms.jpg
A man sitting on a bench in front of a window,People,https://images.unsplash.com/photo-1727605507453-dfe1e74abfbc?q=80&w=385&auto=format&fit=crop&ixlib=rb-4.0.3&ixid=M3wxMjA3fDB8MHxwaG90by1wYWdlfHx8fGVufDB8fHx8fA%3D%3D,A man sitting on a bench in front of a window.jpg
a woman sitting on the ground with her hands clasped,Fashion & Beauty,https://plus.unsplash.com/premium_photo-1708110767350-be81b7cc2c3b?q=80&w=673&auto=format&fit=crop&ixlib=rb-4.0.3&ixid=M3wxMjA3fDB8MHxwaG90by1wYWdlfHx8fGVufDB8fHx8fA%3D%3D,a woman sitting on the ground with her hands clasped.jpg
A woman sitting on a white chair wearing a watch,Photos,https://plus.unsplash.com/premium_photo-1723791732457-788311c5da12?q=80&w=866&auto=format&fit=crop&ixlib=rb-4.0.3&ixid=M3wxMjA3fDB8MHxwaG90by1wYWdlfHx8fGVufDB8fHx8fA%3D%3D,A woman sitting on a white chair wearing a watch.jpg
a silhouette of a woman wearing a helmet,People,https://images.unsplash.com/photo-1703908492975-624a29d66d0d?q=80&w=465&auto=format&fit=crop&ixlib=rb-4.0.3&ixid=M3wxMjA3fDB8MHxwaG90by1wYWdlfHx8fGVufDB8fHx8fA%3D%3D,a silhouette of a woman wearing a helmet.jpg
a pair of green shoes with flowers on them,Fashion & Beauty,https://plus.unsplash.com/premium_photo-1695844418943-9ba2b643e0ab?q=80&w=387&auto=format&fit=crop&ixlib=rb-4.0.3&ixid=M3wxMjA3fDB8MHxwaG90by1wYWdlfHx8fGVufDB8fHx8fA%3D%3D,a pair of green shoes with flowers on them.jpg
a man in a pink coat posing for a picture,People,https://plus.unsplash.com/premium_photo-1708275670159-a1016fa05276?q=80&w=435&auto=format&fit=crop&ixlib=rb-4.0.3&ixid=M3wxMjA3fDB8MHxwaG90by1wYWdlfHx8fGVufDB8fHx8fA%3D%3D,a man in a pink coat posing for a picture.jpg
a wooden table topped with makeup and brushes,Photos,https://images.unsplash.com/photo-1636934432265-7b770c648a4e?q=80&w=805&auto=format&fit=crop&ixlib=rb-4.0.3&ixid=M3wxMjA3fDB8MHxwaG90by1wYWdlfHx8fGVufDB8fHx8fA%3D%3D,a wooden table topped with makeup and brushes.jpg
woman in black long sleeve shirt carrying baby in black onesie,Photos,https://images.unsplash.com/photo-1617331140169-fad1002e160c?q=80&w=869&auto=format&fit=crop&ixlib=rb-4.0.3&ixid=M3wxMjA3fDB8MHxwaG90by1wYWdlfHx8fGVufDB8fHx8fA%3D%3D,woman in black long sleeve shirt carrying baby in black onesie.jpg
A close up of a person wearing a necklace,Photos,https://images.unsplash.com/photo-1727430522198-69a12bd2e969?q=80&w=387&auto=format&fit=crop&ixlib=rb-4.0.3&ixid=M3wxMjA3fDB8MHxwaG90by1wYWdlfHx8fGVufDB8fHx8fA%3D%3D,A close up of a person wearing a necklace.jpg
a woman wearing sunglasses is reflected in a mirror,Photos,https://images.unsplash.com/photo-1623353015752-40aec4d74f96?q=80&w=387&auto=format&fit=crop&ixlib=rb-4.0.3&ixid=M3wxMjA3fDB8MHxwaG90by1wYWdlfHx8fGVufDB8fHx8fA%3D%3D,a woman wearing sunglasses is reflected in a mirror.jpg
a white plate sitting on top of a white table,Fashion & Beauty,https://images.unsplash.com/photo-1643865834589-1d85058051ca?q=80&w=387&auto=format&fit=crop&ixlib=rb-4.0.3&ixid=M3wxMjA3fDB8MHxwaG90by1wYWdlfHx8fGVufDB8fHx8fA%3D%3D,a white plate sitting on top of a white table.jpg
A woman with a green scarf around her neck,Fashion & Beauty,https://images.unsplash.com/photo-1727475933519-39ce5bc956be?q=80&w=464&auto=format&fit=crop&ixlib=rb-4.0.3&ixid=M3wxMjA3fDB8MHxwaG90by1wYWdlfHx8fGVufDB8fHx8fA%3D%3D,A woman with a green scarf around her neck.jpg
A man sitting on top of a white box,Fashion & Beauty,https://images.unsplash.com/photo-1727638786395-6df4fc4a2048?q=80&w=387&auto=format&fit=crop&ixlib=rb-4.0.3&ixid=M3wxMjA3fDB8MHxwaG90by1wYWdlfHx8fGVufDB8fHx8fA%3D%3D,A man sitting on top of a white box.jpg
A woman standing on the side of a street,Photos,https://images.unsplash.com/photo-1726232409063-00c6b4009b08?q=80&w=387&auto=format&fit=crop&ixlib=rb-4.0.3&ixid=M3wxMjA3fDB8MHxwaG90by1wYWdlfHx8fGVufDB8fHx8fA%3D%3D,A woman standing on the side of a street.jpg
woman in white dress shirt and black fedora hat,Fashion & Beauty,https://images.unsplash.com/photo-1598441363148-a79234277e7f?q=80&w=435&auto=format&fit=crop&ixlib=rb-4.0.3&ixid=M3wxMjA3fDB8MHxwaG90by1wYWdlfHx8fGVufDB8fHx8fA%3D%3D,woman in white dress shirt and black fedora hat.jpg
An island in the middle of the ocean,Photos,https://images.unsplash.com/photo-1726502292828-d96388c6250f?q=80&w=754&auto=format&fit=crop&ixlib=rb-4.0.3&ixid=M3wxMjA3fDB8MHxwaG90by1wYWdlfHx8fGVufDB8fHx8fA%3D%3D,An island in the middle of the ocean.jpg
white and yellow floral dress shirt,Photos,https://images.unsplash.com/photo-1615197420937-dba3468dcde9?q=80&w=387&auto=format&fit=crop&ixlib=rb-4.0.3&ixid=M3wxMjA3fDB8MHxwaG90by1wYWdlfHx8fGVufDB8fHx8fA%3D%3D,white and yellow floral dress shirt.jpg
A man standing on a bridge over a stream,Photos,https://images.unsplash.com/photo-1727461567487-575ec98777fc?q=80&w=387&auto=format&fit=crop&ixlib=rb-4.0.3&ixid=M3wxMjA3fDB8MHxwaG90by1wYWdlfHx8fGVufDB8fHx8fA%3D%3D,A man standing on a bridge over a stream.jpg
a woman's hand with a ring on it,Fashion & Beauty,https://images.unsplash.com/photo-1623251738730-c43469a8aefc?q=80&w=870&auto=format&fit=crop&ixlib=rb-4.0.3&ixid=M3wxMjA3fDB8MHxwaG90by1wYWdlfHx8fGVufDB8fHx8fA%3D%3D,a woman's hand with a ring on it.jpg
pair of brown leather cowboy boots near firewood,Fashion & Beauty,https://images.unsplash.com/photo-1578847945588-d6c83689e3d2?q=80&w=876&auto=format&fit=crop&ixlib=rb-4.0.3&ixid=M3wxMjA3fDB8MHxwaG90by1wYWdlfHx8fGVufDB8fHx8fA%3D%3D,pair of brown leather cowboy boots near firewood.jpg
A woman with red hair wearing a fur coat,Fashion & Beauty,https://images.unsplash.com/photo-1727713274969-12484c6f5a39?q=80&w=464&auto=format&fit=crop&ixlib=rb-4.0.3&ixid=M3wxMjA3fDB8MHxwaG90by1wYWdlfHx8fGVufDB8fHx8fA%3D%3D,A woman with red hair wearing a fur coat.jpg
A snow covered village with a stream running through it,Photos,https://images.unsplash.com/photo-1726148552362-c9e0025d25e2?q=80&w=387&auto=format&fit=crop&ixlib=rb-4.0.3&ixid=M3wxMjA3fDB8MHxwaG90by1wYWdlfHx8fGVufDB8fHx8fA%3D%3D,A snow covered village with a stream running through it.jpg
A woman posing in a black coat and skirt,Fashion & Beauty,https://images.unsplash.com/photo-1727686679833-63a59ccc89a6?q=80&w=387&auto=format&fit=crop&ixlib=rb-4.0.3&ixid=M3wxMjA3fDB8MHxwaG90by1wYWdlfHx8fGVufDB8fHx8fA%3D%3D,A woman posing in a black coat and skirt.jpg
A woman is posing for a picture in front of a wall,Fashion & Beauty,https://images.unsplash.com/photo-1727686679920-79be3ffe07d8?q=80&w=387&auto=format&fit=crop&ixlib=rb-4.0.3&ixid=M3wxMjA3fDB8MHxwaG90by1wYWdlfHx8fGVufDB8fHx8fA%3D%3D,A woman is posing for a picture in front of a wall.jpg
man in white shirt sitting on brown rock formation during daytime,Photos,https://images.unsplash.com/photo-1597649260553-3863dfbc8559?q=80&w=464&auto=format&fit=crop&ixlib=rb-4.0.3&ixid=M3wxMjA3fDB8MHxwaG90by1wYWdlfHx8fGVufDB8fHx8fA%3D%3D,man in white shirt sitting on brown rock formation during daytime.jpg
A person walking on a beach with palm trees,Travel,https://images.unsplash.com/photo-1727640852188-f70844bc7370?q=80&w=387&auto=format&fit=crop&ixlib=rb-4.0.3&ixid=M3wxMjA3fDB8MHxwaG90by1wYWdlfHx8fGVufDB8fHx8fA%3D%3D,A person walking on a beach with palm trees.jpg
A narrow alley way with a church steeple in the background,Travel,https://images.unsplash.com/photo-1727434277841-7bce5f03769d?q=80&w=387&auto=format&fit=crop&ixlib=rb-4.0.3&ixid=M3wxMjA3fDB8MHxwaG90by1wYWdlfHx8fGVufDB8fHx8fA%3D%3D,A narrow alley way with a church steeple in the background.jpg
The wing of an airplane flying over the ocean,Travel,https://images.unsplash.com/photo-1727400068319-565c56633dc3?q=80&w=385&auto=format&fit=crop&ixlib=rb-4.0.3&ixid=M3wxMjA3fDB8MHxwaG90by1wYWdlfHx8fGVufDB8fHx8fA%3D%3D,The wing of an airplane flying over the ocean.jpg
A group of icebergs floating on top of a lake,Travel,https://plus.unsplash.com/premium_photo-1720701924550-a175d416ddb4?q=80&w=829&auto=format&fit=crop&ixlib=rb-4.0.3&ixid=M3wxMjA3fDB8MHxwaG90by1wYWdlfHx8fGVufDB8fHx8fA%3D%3D,A group of icebergs floating on top of a lake.jpg
,Sports,https://images.unsplash.com/photo-1727209095438-f478f712c9db?q=80&w=445&auto=format&fit=crop&ixlib=rb-4.0.3&ixid=M3wxMjA3fDB8MHxwaG90by1wYWdlfHx8fGVufDB8fHx8fA%3D%3D,None.jpg
,Archival,https://images.unsplash.com/photo-1727210348417-bf83db804168?q=80&w=412&auto=format&fit=crop&ixlib=rb-4.0.3&ixid=M3wxMjA3fDB8MHxwaG90by1wYWdlfHx8fGVufDB8fHx8fA%3D%3D,None.jpg
A row boat with a couch and two chairs in it,Photos,https://images.unsplash.com/photo-1727086758391-69a5fd7041eb?q=80&w=387&auto=format&fit=crop&ixlib=rb-4.0.3&ixid=M3wxMjA3fDB8MHxwaG90by1wYWdlfHx8fGVufDB8fHx8fA%3D%3D,A row boat with a couch and two chairs in it.jpg
,Sports,https://images.unsplash.com/photo-1727211243319-19119d6de1e4?q=80&w=722&auto=format&fit=crop&ixlib=rb-4.0.3&ixid=M3wxMjA3fDB8MHxwaG90by1wYWdlfHx8fGVufDB8fHx8fA%3D%3D,None.jpg
Two people walking up a hill in the desert,Photos,https://images.unsplash.com/photo-1727460181563-e18f9c747e6b?q=80&w=387&auto=format&fit=crop&ixlib=rb-4.0.3&ixid=M3wxMjA3fDB8MHxwaG90by1wYWdlfHx8fGVufDB8fHx8fA%3D%3D,Two people walking up a hill in the desert.jpg
A river running through a city next to tall buildings,Travel,https://images.unsplash.com/photo-1727434280923-6b064ff088b6?q=80&w=387&auto=format&fit=crop&ixlib=rb-4.0.3&ixid=M3wxMjA3fDB8MHxwaG90by1wYWdlfHx8fGVufDB8fHx8fA%3D%3D,A river running through a city next to tall buildings.jpg
A small car parked on the side of the road,Travel,https://images.unsplash.com/photo-1727549133775-05db506f7085?q=80&w=870&auto=format&fit=crop&ixlib=rb-4.0.3&ixid=M3wxMjA3fDB8MHxwaG90by1wYWdlfHx8fGVufDB8fHx8fA%3D%3D,A small car parked on the side of the road.jpg
A group of dogs pulling a sled down a snow covered road,Travel,https://images.unsplash.com/photo-1727468802202-fcd14493b1c5?q=80&w=387&auto=format&fit=crop&ixlib=rb-4.0.3&ixid=M3wxMjA3fDB8MHxwaG90by1wYWdlfHx8fGVufDB8fHx8fA%3D%3D,A group of dogs pulling a sled down a snow covered road.jpg
An open door with a balcony in the background,Photos,https://images.unsplash.com/photo-1727631659223-38fe9588ee49?q=80&w=439&auto=format&fit=crop&ixlib=rb-4.0.3&ixid=M3wxMjA3fDB8MHxwaG90by1wYWdlfHx8fGVufDB8fHx8fA%3D%3D,An open door with a balcony in the background.jpg
,Sports,https://plus.unsplash.com/premium_vector-1712741929080-7980ac1d4f4b?q=80&w=739&auto=format&fit=crop&ixlib=rb-4.0.3&ixid=M3wxMjA3fDB8MHxwaG90by1wYWdlfHx8fGVufDB8fHx8fA%3D%3D,None.jpg
A bunch of hot air balloons flying in the sky,Travel,https://images.unsplash.com/photo-1727602483165-f9327b007a91?q=80&w=1031&auto=format&fit=crop&ixlib=rb-4.0.3&ixid=M3wxMjA3fDB8MHxwaG90by1wYWdlfHx8fGVufDB8fHx8fA%3D%3D,A bunch of hot air balloons flying in the sky.jpg
"A patio with a rug, potted plant, and ottomans",Travel,https://images.unsplash.com/photo-1727640567216-14c0db88f43c?q=80&w=387&auto=format&fit=crop&ixlib=rb-4.0.3&ixid=M3wxMjA3fDB8MHxwaG90by1wYWdlfHx8fGVufDB8fHx8fA%3D%3D,"A patio with a rug, potted plant, and ottomans.jpg"
A group of people riding skis down a snow covered slope,Photos,https://images.unsplash.com/photo-1727427395444-c97ee138744c?q=80&w=465&auto=format&fit=crop&ixlib=rb-4.0.3&ixid=M3wxMjA3fDB8MHxwaG90by1wYWdlfHx8fGVufDB8fHx8fA%3D%3D,A group of people riding skis down a snow covered slope.jpg
An aerial view of a beach with boats in the water,Travel,https://plus.unsplash.com/premium_photo-1719843013722-c2f4d69db940?q=80&w=435&auto=format&fit=crop&ixlib=rb-4.0.3&ixid=M3wxMjA3fDB8MHxwaG90by1wYWdlfHx8fGVufDB8fHx8fA%3D%3D,An aerial view of a beach with boats in the water.jpg
A woman in a bikini holding a surfboard on the beach,Photos,https://images.unsplash.com/photo-1727640851509-34ef22185cc9?q=80&w=390&auto=format&fit=crop&ixlib=rb-4.0.3&ixid=M3wxMjA3fDB8MHxwaG90by1wYWdlfHx8fGVufDB8fHx8fA%3D%3D,A woman in a bikini holding a surfboard on the beach.jpg
A woman in a red dress sitting in a window,Photos,https://images.unsplash.com/photo-1727640567876-6ff5cc64bae2?q=80&w=396&auto=format&fit=crop&ixlib=rb-4.0.3&ixid=M3wxMjA3fDB8MHxwaG90by1wYWdlfHx8fGVufDB8fHx8fA%3D%3D,A woman in a red dress sitting in a window.jpg
person in black jacket walking on snow covered field during daytime,Photos,https://images.unsplash.com/photo-1602149264438-fb1f41bc0399?q=80&w=387&auto=format&fit=crop&ixlib=rb-4.0.3&ixid=M3wxMjA3fDB8MHxwaG90by1wYWdlfHx8fGVufDB8fHx8fA%3D%3D,person in black jacket walking on snow covered field during daytime.jpg
A person riding a surfboard on a wave in the ocean,Sports,https://images.unsplash.com/photo-1727640851509-0aad71367678?q=80&w=387&auto=format&fit=crop&ixlib=rb-4.0.3&ixid=M3wxMjA3fDB8MHxwaG90by1wYWdlfHx8fGVufDB8fHx8fA%3D%3D,A person riding a surfboard on a wave in the ocean.jpg
A couple of people walking across a snow covered field,Sports,https://images.unsplash.com/photo-1727053850591-05cdb3df1908?q=80&w=870&auto=format&fit=crop&ixlib=rb-4.0.3&ixid=M3wxMjA3fDB8MHxwaG90by1wYWdlfHx8fGVufDB8fHx8fA%3D%3D,A couple of people walking across a snow covered field.jpg
A group of people playing frisbee against a wall,Photos,https://plus.unsplash.com/premium_photo-1727443897713-967ccde6c830?q=80&w=387&auto=format&fit=crop&ixlib=rb-4.0.3&ixid=M3wxMjA3fDB8MHxwaG90by1wYWdlfHx8fGVufDB8fHx8fA%3D%3D,A group of people playing frisbee against a wall.jpg
A person riding a surfboard on a wave in the ocean,Film,https://images.unsplash.com/photo-1727383694734-0f2353847cc4?q=80&w=385&auto=format&fit=crop&ixlib=rb-4.0.3&ixid=M3wxMjA3fDB8MHxwaG90by1wYWdlfHx8fGVufDB8fHx8fA%3D%3D,A person riding a surfboard on a wave in the ocean.jpg
A black and white photo of a car on a race track,Sports,https://images.unsplash.com/photo-1727258720973-fefc6360944d?q=80&w=387&auto=format&fit=crop&ixlib=rb-4.0.3&ixid=M3wxMjA3fDB8MHxwaG90by1wYWdlfHx8fGVufDB8fHx8fA%3D%3D,A black and white photo of a car on a race track.jpg
A woman kneeling down on a beach next to a surfboard,Photos,https://plus.unsplash.com/premium_photo-1723934553084-2b0838d68e77?q=80&w=386&auto=format&fit=crop&ixlib=rb-4.0.3&ixid=M3wxMjA3fDB8MHxwaG90by1wYWdlfHx8fGVufDB8fHx8fA%3D%3D,A woman kneeling down on a beach next to a surfboard.jpg
a person standing next to a surfboard on the beach,Sports,https://plus.unsplash.com/premium_photo-1684523988754-876e600d945a?q=80&w=871&auto=format&fit=crop&ixlib=rb-4.0.3&ixid=M3wxMjA3fDB8MHxwaG90by1wYWdlfHx8fGVufDB8fHx8fA%3D%3D,a person standing next to a surfboard on the beach.jpg
A man riding a skateboard down a leaf covered road,Sports,https://images.unsplash.com/photo-1726962014081-f37da48fa5e0?q=80&w=387&auto=format&fit=crop&ixlib=rb-4.0.3&ixid=M3wxMjA3fDB8MHxwaG90by1wYWdlfHx8fGVufDB8fHx8fA%3D%3D,A man riding a skateboard down a leaf covered road.jpg
grayscale photo of man riding a surfboard,Photos,https://images.unsplash.com/photo-1505459668311-8dfac7952bf0?q=80&w=870&auto=format&fit=crop&ixlib=rb-4.0.3&ixid=M3wxMjA3fDB8MHxwaG90by1wYWdlfHx8fGVufDB8fHx8fA%3D%3D,grayscale photo of man riding a surfboard.jpg
A man sitting in front of a mirror talking on a cell phone,People,https://plus.unsplash.com/premium_photo-1725983651125-f0782472730b?q=80&w=870&auto=format&fit=crop&ixlib=rb-4.0.3&ixid=M3wxMjA3fDB8MHxwaG90by1wYWdlfHx8fGVufDB8fHx8fA%3D%3D,A man sitting in front of a mirror talking on a cell phone.jpg
A group of people sitting at a table in front of a window,Photos,https://images.unsplash.com/photo-1727618809776-c4d18dcdbd2d?q=80&w=385&auto=format&fit=crop&ixlib=rb-4.0.3&ixid=M3wxMjA3fDB8MHxwaG90by1wYWdlfHx8fGVufDB8fHx8fA%3D%3D,A group of people sitting at a table in front of a window.jpg
man surfing on ocean wave during daytime,Photos,https://images.unsplash.com/photo-1493225255756-d9584f8606e9?q=80&w=870&auto=format&fit=crop&ixlib=rb-4.0.3&ixid=M3wxMjA3fDB8MHxwaG90by1wYWdlfHx8fGVufDB8fHx8fA%3D%3D,man surfing on ocean wave during daytime.jpg
A person cutting up some vegetables on a table,Film,https://images.unsplash.com/photo-1727526325208-9ffa760887ba?q=80&w=870&auto=format&fit=crop&ixlib=rb-4.0.3&ixid=M3wxMjA3fDB8MHxwaG90by1wYWdlfHx8fGVufDB8fHx8fA%3D%3D,A person cutting up some vegetables on a table.jpg
A white and green building with a green door,Photos,https://images.unsplash.com/photo-1727452319272-67fa550c5481?q=80&w=385&auto=format&fit=crop&ixlib=rb-4.0.3&ixid=M3wxMjA3fDB8MHxwaG90by1wYWdlfHx8fGVufDB8fHx8fA%3D%3D,A white and green building with a green door.jpg
a person walking across a snow covered field,Photos,https://plus.unsplash.com/premium_photo-1706625678451-6fa31c287a0b?q=80&w=387&auto=format&fit=crop&ixlib=rb-4.0.3&ixid=M3wxMjA3fDB8MHxwaG90by1wYWdlfHx8fGVufDB8fHx8fA%3D%3D,a person walking across a snow covered field.jpg
A row of washing machines in a store window,Film,https://images.unsplash.com/photo-1727422270411-1c7eafafe534?q=80&w=387&auto=format&fit=crop&ixlib=rb-4.0.3&ixid=M3wxMjA3fDB8MHxwaG90by1wYWdlfHx8fGVufDB8fHx8fA%3D%3D,A row of washing machines in a store window.jpg
a person sitting on a rock watching the sunset,Photos,https://plus.unsplash.com/premium_photo-1713887090635-d82b5d702d78?q=80&w=390&auto=format&fit=crop&ixlib=rb-4.0.3&ixid=M3wxMjA3fDB8MHxwaG90by1wYWdlfHx8fGVufDB8fHx8fA%3D%3D,a person sitting on a rock watching the sunset.jpg
A building with a bunch of windows and a balcony,Film,https://images.unsplash.com/photo-1727553560821-018e46b484b0?q=80&w=869&auto=format&fit=crop&ixlib=rb-4.0.3&ixid=M3wxMjA3fDB8MHxwaG90by1wYWdlfHx8fGVufDB8fHx8fA%3D%3D,A building with a bunch of windows and a balcony.jpg
A woman sitting on a train reading a book,Film,https://images.unsplash.com/photo-1727674753842-e36170e60d85?q=80&w=385&auto=format&fit=crop&ixlib=rb-4.0.3&ixid=M3wxMjA3fDB8MHxwaG90by1wYWdlfHx8fGVufDB8fHx8fA%3D%3D,A woman sitting on a train reading a book.jpg
A group of people standing in front of a food stand,Film,https://images.unsplash.com/photo-1727576827771-2248fc1e2971?q=80&w=875&auto=format&fit=crop&ixlib=rb-4.0.3&ixid=M3wxMjA3fDB8MHxwaG90by1wYWdlfHx8fGVufDB8fHx8fA%3D%3D,A group of people standing in front of a food stand.jpg
A woman is cutting tomatoes on a table,Film,https://images.unsplash.com/photo-1727526460483-cd648a761519?q=80&w=870&auto=format&fit=crop&ixlib=rb-4.0.3&ixid=M3wxMjA3fDB8MHxwaG90by1wYWdlfHx8fGVufDB8fHx8fA%3D%3D,A woman is cutting tomatoes on a table.jpg
A group of people standing in front of a building,Film,https://images.unsplash.com/photo-1727651664283-8d32aa0cb6fa?q=80&w=388&auto=format&fit=crop&ixlib=rb-4.0.3&ixid=M3wxMjA3fDB8MHxwaG90by1wYWdlfHx8fGVufDB8fHx8fA%3D%3D,A group of people standing in front of a building.jpg
A group of people riding on an escalator,Film,https://images.unsplash.com/photo-1727576826384-1d5d8c3fb405?q=80&w=875&auto=format&fit=crop&ixlib=rb-4.0.3&ixid=M3wxMjA3fDB8MHxwaG90by1wYWdlfHx8fGVufDB8fHx8fA%3D%3D,A group of people riding on an escalator.jpg
A display case with a bunch of stuffed animals hanging from it's sides,Film,https://images.unsplash.com/photo-1727576826247-a7e6f9eb7dd4?q=80&w=875&auto=format&fit=crop&ixlib=rb-4.0.3&ixid=M3wxMjA3fDB8MHxwaG90by1wYWdlfHx8fGVufDB8fHx8fA%3D%3D,A display case with a bunch of stuffed animals hanging from it's sides.jpg
A windmill sitting on top of a river next to a lush green field,Film,https://images.unsplash.com/photo-1726947801427-8e389270193e?q=80&w=410&auto=format&fit=crop&ixlib=rb-4.0.3&ixid=M3wxMjA3fDB8MHxwaG90by1wYWdlfHx8fGVufDB8fHx8fA%3D%3D,A windmill sitting on top of a river next to a lush green field.jpg
A windmill sitting on top of a river next to a lush green field,Film,https://images.unsplash.com/photo-1726947802757-e39936f68483?q=80&w=410&auto=format&fit=crop&ixlib=rb-4.0.3&ixid=M3wxMjA3fDB8MHxwaG90by1wYWdlfHx8fGVufDB8fHx8fA%3D%3D,A windmill sitting on top of a river next to a lush green field.jpg
a scenic view of a lake surrounded by mountains,Nature,https://plus.unsplash.com/premium_photo-1697217512802-4b94b68d2d6d?q=80&w=871&auto=format&fit=crop&ixlib=rb-4.0.3&ixid=M3wxMjA3fDB8MHxwaG90by1wYWdlfHx8fGVufDB8fHx8fA%3D%3D,a scenic view of a lake surrounded by mountains.jpg
A couple of people on motor bikes on a city street,Street Photography,https://images.unsplash.com/photo-1727632632135-c563071534db?q=80&w=692&auto=format&fit=crop&ixlib=rb-4.0.3&ixid=M3wxMjA3fDB8MHxwaG90by1wYWdlfHx8fGVufDB8fHx8fA%3D%3D,A couple of people on motor bikes on a city street.jpg
A forest filled with lots of yellow trees,Nature,https://images.unsplash.com/photo-1727659346580-05ba1e71aeb2?q=80&w=870&auto=format&fit=crop&ixlib=rb-4.0.3&ixid=M3wxMjA3fDB8MHxwaG90by1wYWdlfHx8fGVufDB8fHx8fA%3D%3D,A forest filled with lots of yellow trees.jpg
A bridge over a body of water with buildings in the background,Film,https://images.unsplash.com/photo-1726947810920-fac8c67ec9e3?q=80&w=410&auto=format&fit=crop&ixlib=rb-4.0.3&ixid=M3wxMjA3fDB8MHxwaG90by1wYWdlfHx8fGVufDB8fHx8fA%3D%3D,A bridge over a body of water with buildings in the background.jpg
A view of the night sky from space,Photos,https://images.unsplash.com/photo-1727546876068-75b93540c6f6?q=80&w=1204&auto=format&fit=crop&ixlib=rb-4.0.3&ixid=M3wxMjA3fDB8MHxwaG90by1wYWdlfHx8fGVufDB8fHx8fA%3D%3D,A view of the night sky from space.jpg
The night sky is filled with stars and trees,Nature,https://images.unsplash.com/photo-1727636680406-7922515f7755?q=80&w=870&auto=format&fit=crop&ixlib=rb-4.0.3&ixid=M3wxMjA3fDB8MHxwaG90by1wYWdlfHx8fGVufDB8fHx8fA%3D%3D,The night sky is filled with stars and trees.jpg
A view of the ocean from the top of a hill,Nature,https://images.unsplash.com/photo-1727544240272-66c7a581c6c1?q=80&w=435&auto=format&fit=crop&ixlib=rb-4.0.3&ixid=M3wxMjA3fDB8MHxwaG90by1wYWdlfHx8fGVufDB8fHx8fA%3D%3D,A view of the ocean from the top of a hill.jpg
A view of a small town on a hill next to a body of water,Film,https://images.unsplash.com/photo-1726947819577-1820f5e452b2?q=80&w=821&auto=format&fit=crop&ixlib=rb-4.0.3&ixid=M3wxMjA3fDB8MHxwaG90by1wYWdlfHx8fGVufDB8fHx8fA%3D%3D,A view of a small town on a hill next to a body of water.jpg
A spider web sits on a plant in a field,Nature,https://images.unsplash.com/photo-1727609025618-104e39ee3870?q=80&w=387&auto=format&fit=crop&ixlib=rb-4.0.3&ixid=M3wxMjA3fDB8MHxwaG90by1wYWdlfHx8fGVufDB8fHx8fA%3D%3D,A spider web sits on a plant in a field.jpg
A group of people standing on top of a field under a purple and green sky,Nature,https://images.unsplash.com/photo-1718472498608-550ceebad2cf?q=80&w=870&auto=format&fit=crop&ixlib=rb-4.0.3&ixid=M3wxMjA3fDB8MHxwaG90by1wYWdlfHx8fGVufDB8fHx8fA%3D%3D,A group of people standing on top of a field under a purple and green sky.jpg
The sun is setting over the water at the beach,Photos,https://images.unsplash.com/photo-1726250947679-3d89963934d8?q=80&w=870&auto=format&fit=crop&ixlib=rb-4.0.3&ixid=M3wxMjA3fDB8MHxwaG90by1wYWdlfHx8fGVufDB8fHx8fA%3D%3D,The sun is setting over the water at the beach.jpg
A view of the grand canyon from a plane,Photos,https://images.unsplash.com/photo-1727459740748-a0004bd98ed6?q=80&w=870&auto=format&fit=crop&ixlib=rb-4.0.3&ixid=M3wxMjA3fDB8MHxwaG90by1wYWdlfHx8fGVufDB8fHx8fA%3D%3D,A view of the grand canyon from a plane.jpg
A couple of mushrooms that are on the ground,Nature,https://images.unsplash.com/photo-1727616404185-16065d8ca622?q=80&w=363&auto=format&fit=crop&ixlib=rb-4.0.3&ixid=M3wxMjA3fDB8MHxwaG90by1wYWdlfHx8fGVufDB8fHx8fA%3D%3D,A couple of mushrooms that are on the ground.jpg
A black and white photo of three silver stars,3D Renders,https://plus.unsplash.com/premium_photo-1725356401077-feca8617d8a2?q=80&w=870&auto=format&fit=crop&ixlib=rb-4.0.3&ixid=M3wxMjA3fDB8MHxwaG90by1wYWdlfHx8fGVufDB8fHx8fA%3D%3D,A black and white photo of three silver stars.jpg
A close up of a plant in a field,Photos,https://images.unsplash.com/photo-1727344952188-1d3593165089?q=80&w=387&auto=format&fit=crop&ixlib=rb-4.0.3&ixid=M3wxMjA3fDB8MHxwaG90by1wYWdlfHx8fGVufDB8fHx8fA%3D%3D,A close up of a plant in a field.jpg
A view of a mountain range with a half moon in the sky,Photos,https://images.unsplash.com/photo-1726231160459-308206afb13c?q=80&w=870&auto=format&fit=crop&ixlib=rb-4.0.3&ixid=M3wxMjA3fDB8MHxwaG90by1wYWdlfHx8fGVufDB8fHx8fA%3D%3D,A view of a mountain range with a half moon in the sky.jpg
A black and white photo of a person's head,3D Renders,https://images.unsplash.com/photo-1722970651115-6a1f43a28235?q=80&w=387&auto=format&fit=crop&ixlib=rb-4.0.3&ixid=M3wxMjA3fDB8MHxwaG90by1wYWdlfHx8fGVufDB8fHx8fA%3D%3D,A black and white photo of a person's head.jpg
A digital painting of a vase with a red background,3D Renders,https://images.unsplash.com/photo-1727277794673-802092abacdb?q=80&w=870&auto=format&fit=crop&ixlib=rb-4.0.3&ixid=M3wxMjA3fDB8MHxwaG90by1wYWdlfHx8fGVufDB8fHx8fA%3D%3D,A digital painting of a vase with a red background.jpg
A close up of a rock with a white substance on it,Photos,https://images.unsplash.com/photo-1727200447893-497cd89d9fde?q=80&w=387&auto=format&fit=crop&ixlib=rb-4.0.3&ixid=M3wxMjA3fDB8MHxwaG90by1wYWdlfHx8fGVufDB8fHx8fA%3D%3D,A close up of a rock with a white substance on it.jpg
a very large star cluster in the sky,Nature,https://images.unsplash.com/photo-1711560026905-304f95ab06d3?q=80&w=580&auto=format&fit=crop&ixlib=rb-4.0.3&ixid=M3wxMjA3fDB8MHxwaG90by1wYWdlfHx8fGVufDB8fHx8fA%3D%3D,a very large star cluster in the sky.jpg
A view of a beach through a cave,Nature,https://images.unsplash.com/photo-1727718271959-26ac20c4e389?q=80&w=870&auto=format&fit=crop&ixlib=rb-4.0.3&ixid=M3wxMjA3fDB8MHxwaG90by1wYWdlfHx8fGVufDB8fHx8fA%3D%3D,A view of a beach through a cave.jpg
A group of mountains covered in snow under a blue sky,Nature,https://images.unsplash.com/photo-1727709350600-ab837b843ed7?q=80&w=871&auto=format&fit=crop&ixlib=rb-4.0.3&ixid=M3wxMjA3fDB8MHxwaG90by1wYWdlfHx8fGVufDB8fHx8fA%3D%3D,A group of mountains covered in snow under a blue sky.jpg
A close up of a red object on a black background,3D Renders,https://images.unsplash.com/photo-1727363456036-ecc24d117fb7?q=80&w=1032&auto=format&fit=crop&ixlib=rb-4.0.3&ixid=M3wxMjA3fDB8MHxwaG90by1wYWdlfHx8fGVufDB8fHx8fA%3D%3D,A close up of a red object on a black background.jpg
An aerial view of a lake surrounded by trees,Photos,https://plus.unsplash.com/premium_photo-1727534569445-a4137e041cd5?q=80&w=435&auto=format&fit=crop&ixlib=rb-4.0.3&ixid=M3wxMjA3fDB8MHxwaG90by1wYWdlfHx8fGVufDB8fHx8fA%3D%3D,An aerial view of a lake surrounded by trees.jpg
A close up of a pink object on a gray background,Photos,https://images.unsplash.com/photo-1727527412074-2a6ed61440c0?q=80&w=1032&auto=format&fit=crop&ixlib=rb-4.0.3&ixid=M3wxMjA3fDB8MHxwaG90by1wYWdlfHx8fGVufDB8fHx8fA%3D%3D,A close up of a pink object on a gray background.jpg
A picture of a piece of food on a table,3D Renders,https://images.unsplash.com/photo-1727607976782-8b59a6ea6136?q=80&w=580&auto=format&fit=crop&ixlib=rb-4.0.3&ixid=M3wxMjA3fDB8MHxwaG90by1wYWdlfHx8fGVufDB8fHx8fA%3D%3D,A picture of a piece of food on a table.jpg
A black and white photo of a woman's head,Photos,https://images.unsplash.com/photo-1725821031880-b8057ff92d52?q=80&w=464&auto=format&fit=crop&ixlib=rb-4.0.3&ixid=M3wxMjA3fDB8MHxwaG90by1wYWdlfHx8fGVufDB8fHx8fA%3D%3D,A black and white photo of a woman's head.jpg
A close up of a flower on a black background,Photos,https://images.unsplash.com/photo-1727507264931-19d41e653a44?q=80&w=1032&auto=format&fit=crop&ixlib=rb-4.0.3&ixid=M3wxMjA3fDB8MHxwaG90by1wYWdlfHx8fGVufDB8fHx8fA%3D%3D,A close up of a flower on a black background.jpg
A group of pencils sitting next to a word art,3D Renders,https://plus.unsplash.com/premium_photo-1727243128559-b3be819003d1?q=80&w=870&auto=format&fit=crop&ixlib=rb-4.0.3&ixid=M3wxMjA3fDB8MHxwaG90by1wYWdlfHx8fGVufDB8fHx8fA%3D%3D,A group of pencils sitting next to a word art.jpg
A black and white photo of a mountain range,3D Renders,https://images.unsplash.com/photo-1725854928339-94a96e94f629?q=80&w=387&auto=format&fit=crop&ixlib=rb-4.0.3&ixid=M3wxMjA3fDB8MHxwaG90by1wYWdlfHx8fGVufDB8fHx8fA%3D%3D,A black and white photo of a mountain range.jpg
A bird's eye view of a mountain range,Photos,https://images.unsplash.com/photo-1726533870778-8be51bf99bb1?q=80&w=774&auto=format&fit=crop&ixlib=rb-4.0.3&ixid=M3wxMjA3fDB8MHxwaG90by1wYWdlfHx8fGVufDB8fHx8fA%3D%3D,A bird's eye view of a mountain range.jpg
A gold chain is shown on a blue background,3D Renders,https://images.unsplash.com/photo-1727646798983-9154aa42f6aa?q=80&w=580&auto=format&fit=crop&ixlib=rb-4.0.3&ixid=M3wxMjA3fDB8MHxwaG90by1wYWdlfHx8fGVufDB8fHx8fA%3D%3D,A gold chain is shown on a blue background.jpg
a white sports car parked on top of a black floor,3D Renders,https://images.unsplash.com/photo-1713019511713-ea7152746dc6?q=80&w=580&auto=format&fit=crop&ixlib=rb-4.0.3&ixid=M3wxMjA3fDB8MHxwaG90by1wYWdlfHx8fGVufDB8fHx8fA%3D%3D,a white sports car parked on top of a black floor.jpg
a close up of the planet with a black background,3D Renders,https://plus.unsplash.com/premium_photo-1717550721273-98d2a4fbb94f?q=80&w=1032&auto=format&fit=crop&ixlib=rb-4.0.3&ixid=M3wxMjA3fDB8MHxwaG90by1wYWdlfHx8fGVufDB8fHx8fA%3D%3D,a close up of the planet with a black background.jpg
A group of halloween pumpkins in a field with a house in the background,Photos,https://plus.unsplash.com/premium_photo-1724017317790-4bd39fc105eb?q=80&w=415&auto=format&fit=crop&ixlib=rb-4.0.3&ixid=M3wxMjA3fDB8MHxwaG90by1wYWdlfHx8fGVufDB8fHx8fA%3D%3D,A group of halloween pumpkins in a field with a house in the background.jpg
A blurry image of a person standing in front of a large object,Photos,https://images.unsplash.com/photo-1726413980098-a13ac5af1af5?q=80&w=870&auto=format&fit=crop&ixlib=rb-4.0.3&ixid=M3wxMjA3fDB8MHxwaG90by1wYWdlfHx8fGVufDB8fHx8fA%3D%3D,A blurry image of a person standing in front of a large object.jpg
A close up of a bunch of smoke on a black background,3D Renders,https://images.unsplash.com/photo-1727452167456-76c2feecc03e?q=80&w=870&auto=format&fit=crop&ixlib=rb-4.0.3&ixid=M3wxMjA3fDB8MHxwaG90by1wYWdlfHx8fGVufDB8fHx8fA%3D%3D,A close up of a bunch of smoke on a black background.jpg
A close up of a green flower shaped object,3D Renders,https://images.unsplash.com/photo-1727507264828-8fc7d52265f5?q=80&w=1032&auto=format&fit=crop&ixlib=rb-4.0.3&ixid=M3wxMjA3fDB8MHxwaG90by1wYWdlfHx8fGVufDB8fHx8fA%3D%3D,A close up of a green flower shaped object.jpg
